,prefecture_name,prefecture_code,city_name,city_code
0,北海道,1,石狩振興局札幌市中央区,1101
1,北海道,1,石狩振興局札幌市北区,1102
2,北海道,1,石狩振興局札幌市東区,1103
3,北海道,1,石狩振興局札幌市白石区,1104
4,北海道,1,石狩振興局札幌市豊平区,1105
5,北海道,1,石狩振興局札幌市南区,1106
6,北海道,1,石狩振興局札幌市西区,1107
7,北海道,1,石狩振興局札幌市厚別区,1108
8,北海道,1,石狩振興局札幌市手稲区,1109
9,北海道,1,石狩振興局札幌市清田区,1110
10,北海道,1,渡島総合振興局函館市,1202
11,北海道,1,後志総合振興局小樽市,1203
12,北海道,1,上川総合振興局旭川市,1204
13,北海道,1,胆振総合振興局室蘭市,1205
14,北海道,1,釧路総合振興局釧路市,1206
15,北海道,1,十勝総合振興局帯広市,1207
16,北海道,1,オホーツク総合振興局北見市,1208
17,北海道,1,空知総合振興局夕張市,1209
18,北海道,1,空知総合振興局岩見沢市,1210
19,北海道,1,オホーツク総合振興局網走市,1211
20,北海道,1,留萌振興局留萌市,1212
21,北海道,1,胆振総合振興局苫小牧市,1213
22,北海道,1,宗谷総合振興局稚内市,1214
23,北海道,1,空知総合振興局美唄市,1215
24,北海道,1,空知総合振興局芦別市,1216
25,北海道,1,石狩振興局江別市,1217
26,北海道,1,空知総合振興局赤平市,1218
27,北海道,1,オホーツク総合振興局紋別市,1219
28,北海道,1,上川総合振興局士別市,1220
29,北海道,1,上川総合振興局名寄市,1221
30,北海道,1,空知総合振興局三笠市,1222
31,北海道,1,根室振興局根室市,1223
32,北海道,1,石狩振興局千歳市,1224
33,北海道,1,空知総合振興局滝川市,1225
34,北海道,1,空知総合振興局砂川市,1226
35,北海道,1,空知総合振興局歌志内市,1227
36,北海道,1,空知総合振興局深川市,1228
37,北海道,1,上川総合振興局富良野市,1229
38,北海道,1,胆振総合振興局登別市,1230
39,北海道,1,石狩振興局恵庭市,1231
40,北海道,1,胆振総合振興局伊達市,1233
41,北海道,1,石狩振興局北広島市,1234
42,北海道,1,石狩振興局石狩市,1235
43,北海道,1,渡島総合振興局北斗市,1236
44,北海道,1,石狩振興局石狩郡当別町,1303
45,北海道,1,石狩振興局石狩郡新篠津村,1304
46,北海道,1,渡島総合振興局松前郡松前町,1331
47,北海道,1,渡島総合振興局松前郡福島町,1332
48,北海道,1,渡島総合振興局上磯郡知内町,1333
49,北海道,1,渡島総合振興局上磯郡木古内町,1334
50,北海道,1,渡島総合振興局亀田郡七飯町,1337
51,北海道,1,渡島総合振興局茅部郡鹿部町,1343
52,北海道,1,渡島総合振興局茅部郡森町,1345
53,北海道,1,渡島総合振興局二海郡八雲町,1346
54,北海道,1,渡島総合振興局山越郡長万部町,1347
55,北海道,1,檜山振興局檜山郡江差町,1361
56,北海道,1,檜山振興局檜山郡上ノ国町,1362
57,北海道,1,檜山振興局檜山郡厚沢部町,1363
58,北海道,1,檜山振興局爾志郡乙部町,1364
59,北海道,1,檜山振興局奥尻郡奥尻町,1367
60,北海道,1,檜山振興局瀬棚郡今金町,1370
61,北海道,1,檜山振興局久遠郡せたな町,1371
62,北海道,1,後志総合振興局島牧郡島牧村,1391
63,北海道,1,後志総合振興局寿都郡寿都町,1392
64,北海道,1,後志総合振興局寿都郡黒松内町,1393
65,北海道,1,後志総合振興局磯谷郡蘭越町,1394
66,北海道,1,後志総合振興局虻田郡ニセコ町,1395
67,北海道,1,後志総合振興局虻田郡真狩村,1396
68,北海道,1,後志総合振興局虻田郡留寿都村,1397
69,北海道,1,後志総合振興局虻田郡喜茂別町,1398
70,北海道,1,後志総合振興局虻田郡京極町,1399
71,北海道,1,後志総合振興局虻田郡倶知安町,1400
72,北海道,1,後志総合振興局岩内郡共和町,1401
73,北海道,1,後志総合振興局岩内郡岩内町,1402
74,北海道,1,後志総合振興局古宇郡泊村,1403
75,北海道,1,後志総合振興局古宇郡神恵内村,1404
76,北海道,1,後志総合振興局積丹郡積丹町,1405
77,北海道,1,後志総合振興局古平郡古平町,1406
78,北海道,1,後志総合振興局余市郡仁木町,1407
79,北海道,1,後志総合振興局余市郡余市町,1408
80,北海道,1,後志総合振興局余市郡赤井川村,1409
81,北海道,1,空知総合振興局空知郡南幌町,1423
82,北海道,1,空知総合振興局空知郡奈井江町,1424
83,北海道,1,空知総合振興局空知郡上砂川町,1425
84,北海道,1,空知総合振興局夕張郡由仁町,1427
85,北海道,1,空知総合振興局夕張郡長沼町,1428
86,北海道,1,空知総合振興局夕張郡栗山町,1429
87,北海道,1,空知総合振興局樺戸郡月形町,1430
88,北海道,1,空知総合振興局樺戸郡浦臼町,1431
89,北海道,1,空知総合振興局樺戸郡新十津川町,1432
90,北海道,1,空知総合振興局雨竜郡妹背牛町,1433
91,北海道,1,空知総合振興局雨竜郡秩父別町,1434
92,北海道,1,空知総合振興局雨竜郡雨竜町,1436
93,北海道,1,空知総合振興局雨竜郡北竜町,1437
94,北海道,1,空知総合振興局雨竜郡沼田町,1438
95,北海道,1,上川総合振興局上川郡鷹栖町,1452
96,北海道,1,上川総合振興局上川郡東神楽町,1453
97,北海道,1,上川総合振興局上川郡当麻町,1454
98,北海道,1,上川総合振興局上川郡比布町,1455
99,北海道,1,上川総合振興局上川郡愛別町,1456
100,北海道,1,上川総合振興局上川郡上川町,1457
101,北海道,1,上川総合振興局上川郡東川町,1458
102,北海道,1,上川総合振興局上川郡美瑛町,1459
103,北海道,1,上川総合振興局空知郡上富良野町,1460
104,北海道,1,上川総合振興局空知郡中富良野町,1461
105,北海道,1,上川総合振興局空知郡南富良野町,1462
106,北海道,1,上川総合振興局勇払郡占冠村,1463
107,北海道,1,上川総合振興局上川郡和寒町,1464
108,北海道,1,上川総合振興局上川郡剣淵町,1465
109,北海道,1,上川総合振興局上川郡下川町,1468
110,北海道,1,上川総合振興局中川郡美深町,1469
111,北海道,1,上川総合振興局中川郡音威子府村,1470
112,北海道,1,上川総合振興局中川郡中川町,1471
113,北海道,1,上川総合振興局雨竜郡幌加内町,1472
114,北海道,1,留萌振興局増毛郡増毛町,1481
115,北海道,1,留萌振興局留萌郡小平町,1482
116,北海道,1,留萌振興局苫前郡苫前町,1483
117,北海道,1,留萌振興局苫前郡羽幌町,1484
118,北海道,1,留萌振興局苫前郡初山別村,1485
119,北海道,1,留萌振興局天塩郡遠別町,1486
120,北海道,1,留萌振興局天塩郡天塩町,1487
121,北海道,1,宗谷総合振興局宗谷郡猿払村,1511
122,北海道,1,宗谷総合振興局枝幸郡浜頓別町,1512
123,北海道,1,宗谷総合振興局枝幸郡中頓別町,1513
124,北海道,1,宗谷総合振興局枝幸郡枝幸町,1514
125,北海道,1,宗谷総合振興局天塩郡豊富町,1516
126,北海道,1,宗谷総合振興局礼文郡礼文町,1517
127,北海道,1,宗谷総合振興局利尻郡利尻町,1518
128,北海道,1,宗谷総合振興局利尻郡利尻富士町,1519
129,北海道,1,宗谷総合振興局天塩郡幌延町,1520
130,北海道,1,オホーツク総合振興局網走郡美幌町,1543
131,北海道,1,オホーツク総合振興局網走郡津別町,1544
132,北海道,1,オホーツク総合振興局斜里郡斜里町,1545
133,北海道,1,オホーツク総合振興局斜里郡清里町,1546
134,北海道,1,オホーツク総合振興局斜里郡小清水町,1547
135,北海道,1,オホーツク総合振興局常呂郡訓子府町,1549
136,北海道,1,オホーツク総合振興局常呂郡置戸町,1550
137,北海道,1,オホーツク総合振興局常呂郡佐呂間町,1552
138,北海道,1,オホーツク総合振興局紋別郡遠軽町,1555
139,北海道,1,オホーツク総合振興局紋別郡湧別町,1559
140,北海道,1,オホーツク総合振興局紋別郡滝上町,1560
141,北海道,1,オホーツク総合振興局紋別郡興部町,1561
142,北海道,1,オホーツク総合振興局紋別郡西興部村,1562
143,北海道,1,オホーツク総合振興局紋別郡雄武町,1563
144,北海道,1,オホーツク総合振興局網走郡大空町,1564
145,北海道,1,胆振総合振興局虻田郡豊浦町,1571
146,北海道,1,胆振総合振興局有珠郡壮瞥町,1575
147,北海道,1,胆振総合振興局白老郡白老町,1578
148,北海道,1,胆振総合振興局勇払郡厚真町,1581
149,北海道,1,胆振総合振興局虻田郡洞爺湖町,1584
150,北海道,1,胆振総合振興局勇払郡安平町,1585
151,北海道,1,胆振総合振興局勇払郡むかわ町,1586
152,北海道,1,日高振興局沙流郡日高町,1601
153,北海道,1,日高振興局沙流郡平取町,1602
154,北海道,1,日高振興局新冠郡新冠町,1604
155,北海道,1,日高振興局浦河郡浦河町,1607
156,北海道,1,日高振興局様似郡様似町,1608
157,北海道,1,日高振興局幌泉郡えりも町,1609
158,北海道,1,日高振興局日高郡新ひだか町,1610
159,北海道,1,十勝総合振興局河東郡音更町,1631
160,北海道,1,十勝総合振興局河東郡士幌町,1632
161,北海道,1,十勝総合振興局河東郡上士幌町,1633
162,北海道,1,十勝総合振興局河東郡鹿追町,1634
163,北海道,1,十勝総合振興局上川郡新得町,1635
164,北海道,1,十勝総合振興局上川郡清水町,1636
165,北海道,1,十勝総合振興局河西郡芽室町,1637
166,北海道,1,十勝総合振興局河西郡中札内村,1638
167,北海道,1,十勝総合振興局河西郡更別村,1639
168,北海道,1,十勝総合振興局広尾郡大樹町,1641
169,北海道,1,十勝総合振興局広尾郡広尾町,1642
170,北海道,1,十勝総合振興局中川郡幕別町,1643
171,北海道,1,十勝総合振興局中川郡池田町,1644
172,北海道,1,十勝総合振興局中川郡豊頃町,1645
173,北海道,1,十勝総合振興局中川郡本別町,1646
174,北海道,1,十勝総合振興局足寄郡足寄町,1647
175,北海道,1,十勝総合振興局足寄郡陸別町,1648
176,北海道,1,十勝総合振興局十勝郡浦幌町,1649
177,北海道,1,釧路総合振興局釧路郡釧路町,1661
178,北海道,1,釧路総合振興局厚岸郡厚岸町,1662
179,北海道,1,釧路総合振興局厚岸郡浜中町,1663
180,北海道,1,釧路総合振興局川上郡標茶町,1664
181,北海道,1,釧路総合振興局川上郡弟子屈町,1665
182,北海道,1,釧路総合振興局阿寒郡鶴居村,1667
183,北海道,1,釧路総合振興局白糠郡白糠町,1668
184,北海道,1,根室振興局野付郡別海町,1691
185,北海道,1,根室振興局標津郡中標津町,1692
186,北海道,1,根室振興局標津郡標津町,1693
187,北海道,1,根室振興局目梨郡羅臼町,1694
188,北海道,1,根室振興局色丹郡色丹村,1695
189,北海道,1,根室振興局国後郡泊村,1696
190,北海道,1,根室振興局国後郡留夜別村,1697
191,北海道,1,根室振興局択捉郡留別村,1698
192,北海道,1,根室振興局紗那郡紗那村,1699
193,北海道,1,根室振興局蘂取郡蘂取村,1700
194,青森県,2,青森市,2201
195,青森県,2,弘前市,2202
196,青森県,2,八戸市,2203
197,青森県,2,黒石市,2204
198,青森県,2,五所川原市,2205
199,青森県,2,十和田市,2206
200,青森県,2,三沢市,2207
201,青森県,2,むつ市,2208
202,青森県,2,つがる市,2209
203,青森県,2,平川市,2210
204,青森県,2,東津軽郡平内町,2301
205,青森県,2,東津軽郡今別町,2303
206,青森県,2,東津軽郡蓬田村,2304
207,青森県,2,東津軽郡外ヶ浜町,2307
208,青森県,2,西津軽郡鰺ヶ沢町,2321
209,青森県,2,西津軽郡深浦町,2323
210,青森県,2,中津軽郡西目屋村,2343
211,青森県,2,南津軽郡藤崎町,2361
212,青森県,2,南津軽郡大鰐町,2362
213,青森県,2,南津軽郡田舎館村,2367
214,青森県,2,北津軽郡板柳町,2381
215,青森県,2,北津軽郡鶴田町,2384
216,青森県,2,北津軽郡中泊町,2387
217,青森県,2,上北郡野辺地町,2401
218,青森県,2,上北郡七戸町,2402
219,青森県,2,上北郡六戸町,2405
220,青森県,2,上北郡横浜町,2406
221,青森県,2,上北郡東北町,2408
222,青森県,2,上北郡六ヶ所村,2411
223,青森県,2,上北郡おいらせ町,2412
224,青森県,2,下北郡大間町,2423
225,青森県,2,下北郡東通村,2424
226,青森県,2,下北郡風間浦村,2425
227,青森県,2,下北郡佐井村,2426
228,青森県,2,三戸郡三戸町,2441
229,青森県,2,三戸郡五戸町,2442
230,青森県,2,三戸郡田子町,2443
231,青森県,2,三戸郡南部町,2445
232,青森県,2,三戸郡階上町,2446
233,青森県,2,三戸郡新郷村,2450
234,岩手県,3,盛岡市,3201
235,岩手県,3,宮古市,3202
236,岩手県,3,大船渡市,3203
237,岩手県,3,花巻市,3205
238,岩手県,3,北上市,3206
239,岩手県,3,久慈市,3207
240,岩手県,3,遠野市,3208
241,岩手県,3,一関市,3209
242,岩手県,3,陸前高田市,3210
243,岩手県,3,釜石市,3211
244,岩手県,3,二戸市,3213
245,岩手県,3,八幡平市,3214
246,岩手県,3,奥州市,3215
247,岩手県,3,岩手郡雫石町,3301
248,岩手県,3,岩手郡葛巻町,3302
249,岩手県,3,岩手郡岩手町,3303
250,岩手県,3,滝沢市,3305
251,岩手県,3,紫波郡紫波町,3321
252,岩手県,3,紫波郡矢巾町,3322
253,岩手県,3,和賀郡西和賀町,3366
254,岩手県,3,胆沢郡金ケ崎町,3381
255,岩手県,3,西磐井郡平泉町,3402
256,岩手県,3,気仙郡住田町,3441
257,岩手県,3,上閉伊郡大槌町,3461
258,岩手県,3,下閉伊郡山田町,3482
259,岩手県,3,下閉伊郡岩泉町,3483
260,岩手県,3,下閉伊郡田野畑村,3484
261,岩手県,3,下閉伊郡普代村,3485
262,岩手県,3,九戸郡軽米町,3501
263,岩手県,3,九戸郡野田村,3503
264,岩手県,3,九戸郡九戸村,3506
265,岩手県,3,九戸郡洋野町,3507
266,岩手県,3,二戸郡一戸町,3524
267,宮城県,4,仙台市青葉区,4101
268,宮城県,4,仙台市宮城野区,4102
269,宮城県,4,仙台市若林区,4103
270,宮城県,4,仙台市太白区,4104
271,宮城県,4,仙台市泉区,4105
272,宮城県,4,石巻市,4202
273,宮城県,4,塩竈市,4203
274,宮城県,4,気仙沼市,4205
275,宮城県,4,白石市,4206
276,宮城県,4,名取市,4207
277,宮城県,4,角田市,4208
278,宮城県,4,多賀城市,4209
279,宮城県,4,岩沼市,4211
280,宮城県,4,登米市,4212
281,宮城県,4,栗原市,4213
282,宮城県,4,東松島市,4214
283,宮城県,4,大崎市,4215
284,宮城県,4,刈田郡蔵王町,4301
285,宮城県,4,刈田郡七ヶ宿町,4302
286,宮城県,4,柴田郡大河原町,4321
287,宮城県,4,柴田郡村田町,4322
288,宮城県,4,柴田郡柴田町,4323
289,宮城県,4,柴田郡川崎町,4324
290,宮城県,4,伊具郡丸森町,4341
291,宮城県,4,亘理郡亘理町,4361
292,宮城県,4,亘理郡山元町,4362
293,宮城県,4,宮城郡松島町,4401
294,宮城県,4,宮城郡七ヶ浜町,4404
295,宮城県,4,宮城郡利府町,4406
296,宮城県,4,黒川郡大和町,4421
297,宮城県,4,黒川郡大郷町,4422
298,宮城県,4,黒川郡富谷町,4423
299,宮城県,4,黒川郡大衡村,4424
300,宮城県,4,加美郡色麻町,4444
301,宮城県,4,加美郡加美町,4445
302,宮城県,4,遠田郡涌谷町,4501
303,宮城県,4,遠田郡美里町,4505
304,宮城県,4,牡鹿郡女川町,4581
305,宮城県,4,本吉郡南三陸町,4606
306,秋田県,5,秋田市,5201
307,秋田県,5,能代市,5202
308,秋田県,5,横手市,5203
309,秋田県,5,大館市,5204
310,秋田県,5,男鹿市,5206
311,秋田県,5,湯沢市,5207
312,秋田県,5,鹿角市,5209
313,秋田県,5,由利本荘市,5210
314,秋田県,5,潟上市,5211
315,秋田県,5,大仙市,5212
316,秋田県,5,北秋田市,5213
317,秋田県,5,にかほ市,5214
318,秋田県,5,仙北市,5215
319,秋田県,5,鹿角郡小坂町,5303
320,秋田県,5,北秋田郡上小阿仁村,5327
321,秋田県,5,山本郡藤里町,5346
322,秋田県,5,山本郡三種町,5348
323,秋田県,5,山本郡八峰町,5349
324,秋田県,5,南秋田郡五城目町,5361
325,秋田県,5,南秋田郡八郎潟町,5363
326,秋田県,5,南秋田郡井川町,5366
327,秋田県,5,南秋田郡大潟村,5368
328,秋田県,5,仙北郡美郷町,5434
329,秋田県,5,雄勝郡羽後町,5463
330,秋田県,5,雄勝郡東成瀬村,5464
331,山形県,6,山形市,6201
332,山形県,6,米沢市,6202
333,山形県,6,鶴岡市,6203
334,山形県,6,酒田市,6204
335,山形県,6,新庄市,6205
336,山形県,6,寒河江市,6206
337,山形県,6,上山市,6207
338,山形県,6,村山市,6208
339,山形県,6,長井市,6209
340,山形県,6,天童市,6210
341,山形県,6,東根市,6211
342,山形県,6,尾花沢市,6212
343,山形県,6,南陽市,6213
344,山形県,6,東村山郡山辺町,6301
345,山形県,6,東村山郡中山町,6302
346,山形県,6,西村山郡河北町,6321
347,山形県,6,西村山郡西川町,6322
348,山形県,6,西村山郡朝日町,6323
349,山形県,6,西村山郡大江町,6324
350,山形県,6,北村山郡大石田町,6341
351,山形県,6,最上郡金山町,6361
352,山形県,6,最上郡最上町,6362
353,山形県,6,最上郡舟形町,6363
354,山形県,6,最上郡真室川町,6364
355,山形県,6,最上郡大蔵村,6365
356,山形県,6,最上郡鮭川村,6366
357,山形県,6,最上郡戸沢村,6367
358,山形県,6,東置賜郡高畠町,6381
359,山形県,6,東置賜郡川西町,6382
360,山形県,6,西置賜郡小国町,6401
361,山形県,6,西置賜郡白鷹町,6402
362,山形県,6,西置賜郡飯豊町,6403
363,山形県,6,東田川郡三川町,6426
364,山形県,6,東田川郡庄内町,6428
365,山形県,6,飽海郡遊佐町,6461
366,福島県,7,福島市,7201
367,福島県,7,会津若松市,7202
368,福島県,7,郡山市,7203
369,福島県,7,いわき市,7204
370,福島県,7,白河市,7205
371,福島県,7,須賀川市,7207
372,福島県,7,喜多方市,7208
373,福島県,7,相馬市,7209
374,福島県,7,二本松市,7210
375,福島県,7,田村市,7211
376,福島県,7,南相馬市,7212
377,福島県,7,伊達市,7213
378,福島県,7,本宮市,7214
379,福島県,7,伊達郡桑折町,7301
380,福島県,7,伊達郡国見町,7303
381,福島県,7,伊達郡川俣町,7308
382,福島県,7,安達郡大玉村,7322
383,福島県,7,岩瀬郡鏡石町,7342
384,福島県,7,岩瀬郡天栄村,7344
385,福島県,7,南会津郡下郷町,7362
386,福島県,7,南会津郡檜枝岐村,7364
387,福島県,7,南会津郡只見町,7367
388,福島県,7,南会津郡南会津町,7368
389,福島県,7,耶麻郡北塩原村,7402
390,福島県,7,耶麻郡西会津町,7405
391,福島県,7,耶麻郡磐梯町,7407
392,福島県,7,耶麻郡猪苗代町,7408
393,福島県,7,河沼郡会津坂下町,7421
394,福島県,7,河沼郡湯川村,7422
395,福島県,7,河沼郡柳津町,7423
396,福島県,7,大沼郡三島町,7444
397,福島県,7,大沼郡金山町,7445
398,福島県,7,大沼郡昭和村,7446
399,福島県,7,大沼郡会津美里町,7447
400,福島県,7,西白河郡西郷村,7461
401,福島県,7,西白河郡泉崎村,7464
402,福島県,7,西白河郡中島村,7465
403,福島県,7,西白河郡矢吹町,7466
404,福島県,7,東白川郡棚倉町,7481
405,福島県,7,東白川郡矢祭町,7482
406,福島県,7,東白川郡塙町,7483
407,福島県,7,東白川郡鮫川村,7484
408,福島県,7,石川郡石川町,7501
409,福島県,7,石川郡玉川村,7502
410,福島県,7,石川郡平田村,7503
411,福島県,7,石川郡浅川町,7504
412,福島県,7,石川郡古殿町,7505
413,福島県,7,田村郡三春町,7521
414,福島県,7,田村郡小野町,7522
415,福島県,7,双葉郡広野町,7541
416,福島県,7,双葉郡楢葉町,7542
417,福島県,7,双葉郡富岡町,7543
418,福島県,7,双葉郡川内村,7544
419,福島県,7,双葉郡大熊町,7545
420,福島県,7,双葉郡双葉町,7546
421,福島県,7,双葉郡浪江町,7547
422,福島県,7,双葉郡葛尾村,7548
423,福島県,7,相馬郡新地町,7561
424,福島県,7,相馬郡飯舘村,7564
425,茨城県,8,水戸市,8201
426,茨城県,8,日立市,8202
427,茨城県,8,土浦市,8203
428,茨城県,8,古河市,8204
429,茨城県,8,石岡市,8205
430,茨城県,8,結城市,8207
431,茨城県,8,龍ケ崎市,8208
432,茨城県,8,下妻市,8210
433,茨城県,8,常総市,8211
434,茨城県,8,常陸太田市,8212
435,茨城県,8,高萩市,8214
436,茨城県,8,北茨城市,8215
437,茨城県,8,笠間市,8216
438,茨城県,8,取手市,8217
439,茨城県,8,牛久市,8219
440,茨城県,8,つくば市,8220
441,茨城県,8,ひたちなか市,8221
442,茨城県,8,鹿嶋市,8222
443,茨城県,8,潮来市,8223
444,茨城県,8,守谷市,8224
445,茨城県,8,常陸大宮市,8225
446,茨城県,8,那珂市,8226
447,茨城県,8,筑西市,8227
448,茨城県,8,坂東市,8228
449,茨城県,8,稲敷市,8229
450,茨城県,8,かすみがうら市,8230
451,茨城県,8,桜川市,8231
452,茨城県,8,神栖市,8232
453,茨城県,8,行方市,8233
454,茨城県,8,鉾田市,8234
455,茨城県,8,つくばみらい市,8235
456,茨城県,8,小美玉市,8236
457,茨城県,8,東茨城郡茨城町,8302
458,茨城県,8,東茨城郡大洗町,8309
459,茨城県,8,東茨城郡城里町,8310
460,茨城県,8,那珂郡東海村,8341
461,茨城県,8,久慈郡大子町,8364
462,茨城県,8,稲敷郡美浦村,8442
463,茨城県,8,稲敷郡阿見町,8443
464,茨城県,8,稲敷郡河内町,8447
465,茨城県,8,結城郡八千代町,8521
466,茨城県,8,猿島郡五霞町,8542
467,茨城県,8,猿島郡境町,8546
468,茨城県,8,北相馬郡利根町,8564
469,栃木県,9,宇都宮市,9201
470,栃木県,9,足利市,9202
471,栃木県,9,栃木市,9203
472,栃木県,9,佐野市,9204
473,栃木県,9,鹿沼市,9205
474,栃木県,9,日光市,9206
475,栃木県,9,小山市,9208
476,栃木県,9,真岡市,9209
477,栃木県,9,大田原市,9210
478,栃木県,9,矢板市,9211
479,栃木県,9,那須塩原市,9213
480,栃木県,9,さくら市,9214
481,栃木県,9,那須烏山市,9215
482,栃木県,9,下野市,9216
483,栃木県,9,河内郡上三川町,9301
484,栃木県,9,芳賀郡益子町,9342
485,栃木県,9,芳賀郡茂木町,9343
486,栃木県,9,芳賀郡市貝町,9344
487,栃木県,9,芳賀郡芳賀町,9345
488,栃木県,9,下都賀郡壬生町,9361
489,栃木県,9,下都賀郡野木町,9364
490,栃木県,9,塩谷郡塩谷町,9384
491,栃木県,9,塩谷郡高根沢町,9386
492,栃木県,9,那須郡那須町,9407
493,栃木県,9,那須郡那珂川町,9411
494,群馬県,10,前橋市,10201
495,群馬県,10,高崎市,10202
496,群馬県,10,桐生市,10203
497,群馬県,10,伊勢崎市,10204
498,群馬県,10,太田市,10205
499,群馬県,10,沼田市,10206
500,群馬県,10,館林市,10207
501,群馬県,10,渋川市,10208
502,群馬県,10,藤岡市,10209
503,群馬県,10,富岡市,10210
504,群馬県,10,安中市,10211
505,群馬県,10,みどり市,10212
506,群馬県,10,北群馬郡榛東村,10344
507,群馬県,10,北群馬郡吉岡町,10345
508,群馬県,10,多野郡上野村,10366
509,群馬県,10,多野郡神流町,10367
510,群馬県,10,甘楽郡下仁田町,10382
511,群馬県,10,甘楽郡南牧村,10383
512,群馬県,10,甘楽郡甘楽町,10384
513,群馬県,10,吾妻郡中之条町,10421
514,群馬県,10,吾妻郡長野原町,10424
515,群馬県,10,吾妻郡嬬恋村,10425
516,群馬県,10,吾妻郡草津町,10426
517,群馬県,10,吾妻郡高山村,10428
518,群馬県,10,吾妻郡東吾妻町,10429
519,群馬県,10,利根郡片品村,10443
520,群馬県,10,利根郡川場村,10444
521,群馬県,10,利根郡昭和村,10448
522,群馬県,10,利根郡みなかみ町,10449
523,群馬県,10,佐波郡玉村町,10464
524,群馬県,10,邑楽郡板倉町,10521
525,群馬県,10,邑楽郡明和町,10522
526,群馬県,10,邑楽郡千代田町,10523
527,群馬県,10,邑楽郡大泉町,10524
528,群馬県,10,邑楽郡邑楽町,10525
529,埼玉県,11,さいたま市西区,11101
530,埼玉県,11,さいたま市北区,11102
531,埼玉県,11,さいたま市大宮区,11103
532,埼玉県,11,さいたま市見沼区,11104
533,埼玉県,11,さいたま市中央区,11105
534,埼玉県,11,さいたま市桜区,11106
535,埼玉県,11,さいたま市浦和区,11107
536,埼玉県,11,さいたま市南区,11108
537,埼玉県,11,さいたま市緑区,11109
538,埼玉県,11,さいたま市岩槻区,11110
539,埼玉県,11,川越市,11201
540,埼玉県,11,熊谷市,11202
541,埼玉県,11,川口市,11203
542,埼玉県,11,行田市,11206
543,埼玉県,11,秩父市,11207
544,埼玉県,11,所沢市,11208
545,埼玉県,11,飯能市,11209
546,埼玉県,11,加須市,11210
547,埼玉県,11,本庄市,11211
548,埼玉県,11,東松山市,11212
549,埼玉県,11,春日部市,11214
550,埼玉県,11,狭山市,11215
551,埼玉県,11,羽生市,11216
552,埼玉県,11,鴻巣市,11217
553,埼玉県,11,深谷市,11218
554,埼玉県,11,上尾市,11219
555,埼玉県,11,草加市,11221
556,埼玉県,11,越谷市,11222
557,埼玉県,11,蕨市,11223
558,埼玉県,11,戸田市,11224
559,埼玉県,11,入間市,11225
560,埼玉県,11,朝霞市,11227
561,埼玉県,11,志木市,11228
562,埼玉県,11,和光市,11229
563,埼玉県,11,新座市,11230
564,埼玉県,11,桶川市,11231
565,埼玉県,11,久喜市,11232
566,埼玉県,11,北本市,11233
567,埼玉県,11,八潮市,11234
568,埼玉県,11,富士見市,11235
569,埼玉県,11,三郷市,11237
570,埼玉県,11,蓮田市,11238
571,埼玉県,11,坂戸市,11239
572,埼玉県,11,幸手市,11240
573,埼玉県,11,鶴ヶ島市,11241
574,埼玉県,11,日高市,11242
575,埼玉県,11,吉川市,11243
576,埼玉県,11,ふじみ野市,11245
577,埼玉県,11,白岡市,11246
578,埼玉県,11,北足立郡伊奈町,11301
579,埼玉県,11,入間郡三芳町,11324
580,埼玉県,11,入間郡毛呂山町,11326
581,埼玉県,11,入間郡越生町,11327
582,埼玉県,11,比企郡滑川町,11341
583,埼玉県,11,比企郡嵐山町,11342
584,埼玉県,11,比企郡小川町,11343
585,埼玉県,11,比企郡川島町,11346
586,埼玉県,11,比企郡吉見町,11347
587,埼玉県,11,比企郡鳩山町,11348
588,埼玉県,11,比企郡ときがわ町,11349
589,埼玉県,11,秩父郡横瀬町,11361
590,埼玉県,11,秩父郡皆野町,11362
591,埼玉県,11,秩父郡長瀞町,11363
592,埼玉県,11,秩父郡小鹿野町,11365
593,埼玉県,11,秩父郡東秩父村,11369
594,埼玉県,11,児玉郡美里町,11381
595,埼玉県,11,児玉郡神川町,11383
596,埼玉県,11,児玉郡上里町,11385
597,埼玉県,11,大里郡寄居町,11408
598,埼玉県,11,南埼玉郡宮代町,11442
599,埼玉県,11,北葛飾郡杉戸町,11464
600,埼玉県,11,北葛飾郡松伏町,11465
601,千葉県,12,千葉市中央区,12101
602,千葉県,12,千葉市花見川区,12102
603,千葉県,12,千葉市稲毛区,12103
604,千葉県,12,千葉市若葉区,12104
605,千葉県,12,千葉市緑区,12105
606,千葉県,12,千葉市美浜区,12106
607,千葉県,12,銚子市,12202
608,千葉県,12,市川市,12203
609,千葉県,12,船橋市,12204
610,千葉県,12,館山市,12205
611,千葉県,12,木更津市,12206
612,千葉県,12,松戸市,12207
613,千葉県,12,野田市,12208
614,千葉県,12,茂原市,12210
615,千葉県,12,成田市,12211
616,千葉県,12,佐倉市,12212
617,千葉県,12,東金市,12213
618,千葉県,12,旭市,12215
619,千葉県,12,習志野市,12216
620,千葉県,12,柏市,12217
621,千葉県,12,勝浦市,12218
622,千葉県,12,市原市,12219
623,千葉県,12,流山市,12220
624,千葉県,12,八千代市,12221
625,千葉県,12,我孫子市,12222
626,千葉県,12,鴨川市,12223
627,千葉県,12,鎌ケ谷市,12224
628,千葉県,12,君津市,12225
629,千葉県,12,富津市,12226
630,千葉県,12,浦安市,12227
631,千葉県,12,四街道市,12228
632,千葉県,12,袖ケ浦市,12229
633,千葉県,12,八街市,12230
634,千葉県,12,印西市,12231
635,千葉県,12,白井市,12232
636,千葉県,12,富里市,12233
637,千葉県,12,南房総市,12234
638,千葉県,12,匝瑳市,12235
639,千葉県,12,香取市,12236
640,千葉県,12,山武市,12237
641,千葉県,12,いすみ市,12238
642,千葉県,12,大網白里市,12239
643,千葉県,12,印旛郡酒々井町,12322
644,千葉県,12,印旛郡栄町,12329
645,千葉県,12,香取郡神崎町,12342
646,千葉県,12,香取郡多古町,12347
647,千葉県,12,香取郡東庄町,12349
648,千葉県,12,山武郡九十九里町,12403
649,千葉県,12,山武郡芝山町,12409
650,千葉県,12,山武郡横芝光町,12410
651,千葉県,12,長生郡一宮町,12421
652,千葉県,12,長生郡睦沢町,12422
653,千葉県,12,長生郡長生村,12423
654,千葉県,12,長生郡白子町,12424
655,千葉県,12,長生郡長柄町,12426
656,千葉県,12,長生郡長南町,12427
657,千葉県,12,夷隅郡大多喜町,12441
658,千葉県,12,夷隅郡御宿町,12443
659,千葉県,12,安房郡鋸南町,12463
660,千葉県,12,所属未定地,
661,東京都,13,千代田区,13101
662,東京都,13,中央区,13102
663,東京都,13,港区,13103
664,東京都,13,新宿区,13104
665,東京都,13,文京区,13105
666,東京都,13,台東区,13106
667,東京都,13,墨田区,13107
668,東京都,13,江東区,13108
669,東京都,13,品川区,13109
670,東京都,13,目黒区,13110
671,東京都,13,大田区,13111
672,東京都,13,世田谷区,13112
673,東京都,13,渋谷区,13113
674,東京都,13,中野区,13114
675,東京都,13,杉並区,13115
676,東京都,13,豊島区,13116
677,東京都,13,北区,13117
678,東京都,13,荒川区,13118
679,東京都,13,板橋区,13119
680,東京都,13,練馬区,13120
681,東京都,13,足立区,13121
682,東京都,13,葛飾区,13122
683,東京都,13,江戸川区,13123
684,東京都,13,八王子市,13201
685,東京都,13,立川市,13202
686,東京都,13,武蔵野市,13203
687,東京都,13,三鷹市,13204
688,東京都,13,青梅市,13205
689,東京都,13,府中市,13206
690,東京都,13,昭島市,13207
691,東京都,13,調布市,13208
692,東京都,13,町田市,13209
693,東京都,13,小金井市,13210
694,東京都,13,小平市,13211
695,東京都,13,日野市,13212
696,東京都,13,東村山市,13213
697,東京都,13,国分寺市,13214
698,東京都,13,国立市,13215
699,東京都,13,福生市,13218
700,東京都,13,狛江市,13219
701,東京都,13,東大和市,13220
702,東京都,13,清瀬市,13221
703,東京都,13,東久留米市,13222
704,東京都,13,武蔵村山市,13223
705,東京都,13,多摩市,13224
706,東京都,13,稲城市,13225
707,東京都,13,羽村市,13227
708,東京都,13,あきる野市,13228
709,東京都,13,西東京市,13229
710,東京都,13,西多摩郡瑞穂町,13303
711,東京都,13,西多摩郡日の出町,13305
712,東京都,13,西多摩郡檜原村,13307
713,東京都,13,西多摩郡奥多摩町,13308
714,東京都,13,大島町,13361
715,東京都,13,利島村,13362
716,東京都,13,新島村,13363
717,東京都,13,神津島村,13364
718,東京都,13,三宅村,13381
719,東京都,13,御蔵島村,13382
720,東京都,13,八丈町,13401
721,東京都,13,青ヶ島村,13402
722,東京都,13,小笠原村,13421
723,神奈川県,14,横浜市鶴見区,14101
724,神奈川県,14,横浜市神奈川区,14102
725,神奈川県,14,横浜市西区,14103
726,神奈川県,14,横浜市中区,14104
727,神奈川県,14,横浜市南区,14105
728,神奈川県,14,横浜市保土ケ谷区,14106
729,神奈川県,14,横浜市磯子区,14107
730,神奈川県,14,横浜市金沢区,14108
731,神奈川県,14,横浜市港北区,14109
732,神奈川県,14,横浜市戸塚区,14110
733,神奈川県,14,横浜市港南区,14111
734,神奈川県,14,横浜市旭区,14112
735,神奈川県,14,横浜市緑区,14113
736,神奈川県,14,横浜市瀬谷区,14114
737,神奈川県,14,横浜市栄区,14115
738,神奈川県,14,横浜市泉区,14116
739,神奈川県,14,横浜市青葉区,14117
740,神奈川県,14,横浜市都筑区,14118
741,神奈川県,14,川崎市川崎区,14131
742,神奈川県,14,川崎市幸区,14132
743,神奈川県,14,川崎市中原区,14133
744,神奈川県,14,川崎市高津区,14134
745,神奈川県,14,川崎市多摩区,14135
746,神奈川県,14,川崎市宮前区,14136
747,神奈川県,14,川崎市麻生区,14137
748,神奈川県,14,相模原市緑区,14151
749,神奈川県,14,相模原市中央区,14152
750,神奈川県,14,相模原市南区,14153
751,神奈川県,14,横須賀市,14201
752,神奈川県,14,平塚市,14203
753,神奈川県,14,鎌倉市,14204
754,神奈川県,14,藤沢市,14205
755,神奈川県,14,小田原市,14206
756,神奈川県,14,茅ヶ崎市,14207
757,神奈川県,14,逗子市,14208
758,神奈川県,14,三浦市,14210
759,神奈川県,14,秦野市,14211
760,神奈川県,14,厚木市,14212
761,神奈川県,14,大和市,14213
762,神奈川県,14,伊勢原市,14214
763,神奈川県,14,海老名市,14215
764,神奈川県,14,座間市,14216
765,神奈川県,14,南足柄市,14217
766,神奈川県,14,綾瀬市,14218
767,神奈川県,14,三浦郡葉山町,14301
768,神奈川県,14,高座郡寒川町,14321
769,神奈川県,14,中郡大磯町,14341
770,神奈川県,14,中郡二宮町,14342
771,神奈川県,14,足柄上郡中井町,14361
772,神奈川県,14,足柄上郡大井町,14362
773,神奈川県,14,足柄上郡松田町,14363
774,神奈川県,14,足柄上郡山北町,14364
775,神奈川県,14,足柄上郡開成町,14366
776,神奈川県,14,足柄下郡箱根町,14382
777,神奈川県,14,足柄下郡真鶴町,14383
778,神奈川県,14,足柄下郡湯河原町,14384
779,神奈川県,14,愛甲郡愛川町,14401
780,神奈川県,14,愛甲郡清川村,14402
781,新潟県,15,新潟市北区,15101
782,新潟県,15,新潟市東区,15102
783,新潟県,15,新潟市中央区,15103
784,新潟県,15,新潟市江南区,15104
785,新潟県,15,新潟市秋葉区,15105
786,新潟県,15,新潟市南区,15106
787,新潟県,15,新潟市西区,15107
788,新潟県,15,新潟市西蒲区,15108
789,新潟県,15,長岡市,15202
790,新潟県,15,三条市,15204
791,新潟県,15,柏崎市,15205
792,新潟県,15,新発田市,15206
793,新潟県,15,小千谷市,15208
794,新潟県,15,加茂市,15209
795,新潟県,15,十日町市,15210
796,新潟県,15,見附市,15211
797,新潟県,15,村上市,15212
798,新潟県,15,燕市,15213
799,新潟県,15,糸魚川市,15216
800,新潟県,15,妙高市,15217
801,新潟県,15,五泉市,15218
802,新潟県,15,上越市,15222
803,新潟県,15,阿賀野市,15223
804,新潟県,15,佐渡市,15224
805,新潟県,15,魚沼市,15225
806,新潟県,15,南魚沼市,15226
807,新潟県,15,胎内市,15227
808,新潟県,15,北蒲原郡聖籠町,15307
809,新潟県,15,西蒲原郡弥彦村,15342
810,新潟県,15,南蒲原郡田上町,15361
811,新潟県,15,東蒲原郡阿賀町,15385
812,新潟県,15,三島郡出雲崎町,15405
813,新潟県,15,南魚沼郡湯沢町,15461
814,新潟県,15,中魚沼郡津南町,15482
815,新潟県,15,刈羽郡刈羽村,15504
816,新潟県,15,岩船郡関川村,15581
817,新潟県,15,岩船郡粟島浦村,15586
818,富山県,16,富山市,16201
819,富山県,16,高岡市,16202
820,富山県,16,魚津市,16204
821,富山県,16,氷見市,16205
822,富山県,16,滑川市,16206
823,富山県,16,黒部市,16207
824,富山県,16,砺波市,16208
825,富山県,16,小矢部市,16209
826,富山県,16,南砺市,16210
827,富山県,16,射水市,16211
828,富山県,16,中新川郡舟橋村,16321
829,富山県,16,中新川郡上市町,16322
830,富山県,16,中新川郡立山町,16323
831,富山県,16,下新川郡入善町,16342
832,富山県,16,下新川郡朝日町,16343
833,石川県,17,金沢市,17201
834,石川県,17,七尾市,17202
835,石川県,17,小松市,17203
836,石川県,17,輪島市,17204
837,石川県,17,珠洲市,17205
838,石川県,17,加賀市,17206
839,石川県,17,羽咋市,17207
840,石川県,17,かほく市,17209
841,石川県,17,白山市,17210
842,石川県,17,能美市,17211
843,石川県,17,野々市市,17212
844,石川県,17,能美郡川北町,17324
845,石川県,17,河北郡津幡町,17361
846,石川県,17,河北郡内灘町,17365
847,石川県,17,羽咋郡志賀町,17384
848,石川県,17,羽咋郡宝達志水町,17386
849,石川県,17,鹿島郡中能登町,17407
850,石川県,17,鳳珠郡穴水町,17461
851,石川県,17,鳳珠郡能登町,17463
852,福井県,18,福井市,18201
853,福井県,18,敦賀市,18202
854,福井県,18,小浜市,18204
855,福井県,18,大野市,18205
856,福井県,18,勝山市,18206
857,福井県,18,鯖江市,18207
858,福井県,18,あわら市,18208
859,福井県,18,越前市,18209
860,福井県,18,坂井市,18210
861,福井県,18,吉田郡永平寺町,18322
862,福井県,18,今立郡池田町,18382
863,福井県,18,南条郡南越前町,18404
864,福井県,18,丹生郡越前町,18423
865,福井県,18,三方郡美浜町,18442
866,福井県,18,大飯郡高浜町,18481
867,福井県,18,大飯郡おおい町,18483
868,福井県,18,三方上中郡若狭町,18501
869,山梨県,19,甲府市,19201
870,山梨県,19,富士吉田市,19202
871,山梨県,19,都留市,19204
872,山梨県,19,山梨市,19205
873,山梨県,19,大月市,19206
874,山梨県,19,韮崎市,19207
875,山梨県,19,南アルプス市,19208
876,山梨県,19,北杜市,19209
877,山梨県,19,甲斐市,19210
878,山梨県,19,笛吹市,19211
879,山梨県,19,上野原市,19212
880,山梨県,19,甲州市,19213
881,山梨県,19,中央市,19214
882,山梨県,19,西八代郡市川三郷町,19346
883,山梨県,19,南巨摩郡早川町,19364
884,山梨県,19,南巨摩郡身延町,19365
885,山梨県,19,南巨摩郡南部町,19366
886,山梨県,19,南巨摩郡富士川町,19368
887,山梨県,19,中巨摩郡昭和町,19384
888,山梨県,19,南都留郡道志村,19422
889,山梨県,19,南都留郡西桂町,19423
890,山梨県,19,南都留郡忍野村,19424
891,山梨県,19,南都留郡山中湖村,19425
892,山梨県,19,南都留郡鳴沢村,19429
893,山梨県,19,南都留郡富士河口湖町,19430
894,山梨県,19,北都留郡小菅村,19442
895,山梨県,19,北都留郡丹波山村,19443
896,長野県,20,長野市,20201
897,長野県,20,松本市,20202
898,長野県,20,上田市,20203
899,長野県,20,岡谷市,20204
900,長野県,20,飯田市,20205
901,長野県,20,諏訪市,20206
902,長野県,20,須坂市,20207
903,長野県,20,小諸市,20208
904,長野県,20,伊那市,20209
905,長野県,20,駒ヶ根市,20210
906,長野県,20,中野市,20211
907,長野県,20,大町市,20212
908,長野県,20,飯山市,20213
909,長野県,20,茅野市,20214
910,長野県,20,塩尻市,20215
911,長野県,20,佐久市,20217
912,長野県,20,千曲市,20218
913,長野県,20,東御市,20219
914,長野県,20,安曇野市,20220
915,長野県,20,南佐久郡小海町,20303
916,長野県,20,南佐久郡川上村,20304
917,長野県,20,南佐久郡南牧村,20305
918,長野県,20,南佐久郡南相木村,20306
919,長野県,20,南佐久郡北相木村,20307
920,長野県,20,南佐久郡佐久穂町,20309
921,長野県,20,北佐久郡軽井沢町,20321
922,長野県,20,北佐久郡御代田町,20323
923,長野県,20,北佐久郡立科町,20324
924,長野県,20,小県郡青木村,20349
925,長野県,20,小県郡長和町,20350
926,長野県,20,諏訪郡下諏訪町,20361
927,長野県,20,諏訪郡富士見町,20362
928,長野県,20,諏訪郡原村,20363
929,長野県,20,上伊那郡辰野町,20382
930,長野県,20,上伊那郡箕輪町,20383
931,長野県,20,上伊那郡飯島町,20384
932,長野県,20,上伊那郡南箕輪村,20385
933,長野県,20,上伊那郡中川村,20386
934,長野県,20,上伊那郡宮田村,20388
935,長野県,20,下伊那郡松川町,20402
936,長野県,20,下伊那郡高森町,20403
937,長野県,20,下伊那郡阿南町,20404
938,長野県,20,下伊那郡阿智村,20407
939,長野県,20,下伊那郡平谷村,20409
940,長野県,20,下伊那郡根羽村,20410
941,長野県,20,下伊那郡下條村,20411
942,長野県,20,下伊那郡売木村,20412
943,長野県,20,下伊那郡天龍村,20413
944,長野県,20,下伊那郡泰阜村,20414
945,長野県,20,下伊那郡喬木村,20415
946,長野県,20,下伊那郡豊丘村,20416
947,長野県,20,下伊那郡大鹿村,20417
948,長野県,20,木曽郡上松町,20422
949,長野県,20,木曽郡南木曽町,20423
950,長野県,20,木曽郡木祖村,20425
951,長野県,20,木曽郡王滝村,20429
952,長野県,20,木曽郡大桑村,20430
953,長野県,20,木曽郡木曽町,20432
954,長野県,20,東筑摩郡麻績村,20446
955,長野県,20,東筑摩郡生坂村,20448
956,長野県,20,東筑摩郡山形村,20450
957,長野県,20,東筑摩郡朝日村,20451
958,長野県,20,東筑摩郡筑北村,20452
959,長野県,20,北安曇郡池田町,20481
960,長野県,20,北安曇郡松川村,20482
961,長野県,20,北安曇郡白馬村,20485
962,長野県,20,北安曇郡小谷村,20486
963,長野県,20,埴科郡坂城町,20521
964,長野県,20,上高井郡小布施町,20541
965,長野県,20,上高井郡高山村,20543
966,長野県,20,下高井郡山ノ内町,20561
967,長野県,20,下高井郡木島平村,20562
968,長野県,20,下高井郡野沢温泉村,20563
969,長野県,20,上水内郡信濃町,20583
970,長野県,20,上水内郡小川村,20588
971,長野県,20,上水内郡飯綱町,20590
972,長野県,20,下水内郡栄村,20602
973,岐阜県,21,岐阜市,21201
974,岐阜県,21,大垣市,21202
975,岐阜県,21,高山市,21203
976,岐阜県,21,多治見市,21204
977,岐阜県,21,関市,21205
978,岐阜県,21,中津川市,21206
979,岐阜県,21,美濃市,21207
980,岐阜県,21,瑞浪市,21208
981,岐阜県,21,羽島市,21209
982,岐阜県,21,恵那市,21210
983,岐阜県,21,美濃加茂市,21211
984,岐阜県,21,土岐市,21212
985,岐阜県,21,各務原市,21213
986,岐阜県,21,可児市,21214
987,岐阜県,21,山県市,21215
988,岐阜県,21,瑞穂市,21216
989,岐阜県,21,飛騨市,21217
990,岐阜県,21,本巣市,21218
991,岐阜県,21,郡上市,21219
992,岐阜県,21,下呂市,21220
993,岐阜県,21,海津市,21221
994,岐阜県,21,羽島郡岐南町,21302
995,岐阜県,21,羽島郡笠松町,21303
996,岐阜県,21,養老郡養老町,21341
997,岐阜県,21,不破郡垂井町,21361
998,岐阜県,21,不破郡関ケ原町,21362
999,岐阜県,21,安八郡神戸町,21381
1000,岐阜県,21,安八郡輪之内町,21382
1001,岐阜県,21,安八郡安八町,21383
1002,岐阜県,21,揖斐郡揖斐川町,21401
1003,岐阜県,21,揖斐郡大野町,21403
1004,岐阜県,21,揖斐郡池田町,21404
1005,岐阜県,21,本巣郡北方町,21421
1006,岐阜県,21,加茂郡坂祝町,21501
1007,岐阜県,21,加茂郡富加町,21502
1008,岐阜県,21,加茂郡川辺町,21503
1009,岐阜県,21,加茂郡七宗町,21504
1010,岐阜県,21,加茂郡八百津町,21505
1011,岐阜県,21,加茂郡白川町,21506
1012,岐阜県,21,加茂郡東白川村,21507
1013,岐阜県,21,可児郡御嵩町,21521
1014,岐阜県,21,大野郡白川村,21604
1015,静岡県,22,静岡市葵区,22101
1016,静岡県,22,静岡市駿河区,22102
1017,静岡県,22,静岡市清水区,22103
1018,静岡県,22,浜松市中区,22131
1019,静岡県,22,浜松市東区,22132
1020,静岡県,22,浜松市西区,22133
1021,静岡県,22,浜松市南区,22134
1022,静岡県,22,浜松市北区,22135
1023,静岡県,22,浜松市浜北区,22136
1024,静岡県,22,浜松市天竜区,22137
1025,静岡県,22,沼津市,22203
1026,静岡県,22,熱海市,22205
1027,静岡県,22,三島市,22206
1028,静岡県,22,富士宮市,22207
1029,静岡県,22,伊東市,22208
1030,静岡県,22,島田市,22209
1031,静岡県,22,富士市,22210
1032,静岡県,22,磐田市,22211
1033,静岡県,22,焼津市,22212
1034,静岡県,22,掛川市,22213
1035,静岡県,22,藤枝市,22214
1036,静岡県,22,御殿場市,22215
1037,静岡県,22,袋井市,22216
1038,静岡県,22,下田市,22219
1039,静岡県,22,裾野市,22220
1040,静岡県,22,湖西市,22221
1041,静岡県,22,伊豆市,22222
1042,静岡県,22,御前崎市,22223
1043,静岡県,22,菊川市,22224
1044,静岡県,22,伊豆の国市,22225
1045,静岡県,22,牧之原市,22226
1046,静岡県,22,賀茂郡東伊豆町,22301
1047,静岡県,22,賀茂郡河津町,22302
1048,静岡県,22,賀茂郡南伊豆町,22304
1049,静岡県,22,賀茂郡松崎町,22305
1050,静岡県,22,賀茂郡西伊豆町,22306
1051,静岡県,22,田方郡函南町,22325
1052,静岡県,22,駿東郡清水町,22341
1053,静岡県,22,駿東郡長泉町,22342
1054,静岡県,22,駿東郡小山町,22344
1055,静岡県,22,榛原郡吉田町,22424
1056,静岡県,22,榛原郡川根本町,22429
1057,静岡県,22,周智郡森町,22461
1058,愛知県,23,名古屋市千種区,23101
1059,愛知県,23,名古屋市東区,23102
1060,愛知県,23,名古屋市北区,23103
1061,愛知県,23,名古屋市西区,23104
1062,愛知県,23,名古屋市中村区,23105
1063,愛知県,23,名古屋市中区,23106
1064,愛知県,23,名古屋市昭和区,23107
1065,愛知県,23,名古屋市瑞穂区,23108
1066,愛知県,23,名古屋市熱田区,23109
1067,愛知県,23,名古屋市中川区,23110
1068,愛知県,23,名古屋市港区,23111
1069,愛知県,23,名古屋市南区,23112
1070,愛知県,23,名古屋市守山区,23113
1071,愛知県,23,名古屋市緑区,23114
1072,愛知県,23,名古屋市名東区,23115
1073,愛知県,23,名古屋市天白区,23116
1074,愛知県,23,豊橋市,23201
1075,愛知県,23,岡崎市,23202
1076,愛知県,23,一宮市,23203
1077,愛知県,23,瀬戸市,23204
1078,愛知県,23,半田市,23205
1079,愛知県,23,春日井市,23206
1080,愛知県,23,豊川市,23207
1081,愛知県,23,津島市,23208
1082,愛知県,23,碧南市,23209
1083,愛知県,23,刈谷市,23210
1084,愛知県,23,豊田市,23211
1085,愛知県,23,安城市,23212
1086,愛知県,23,西尾市,23213
1087,愛知県,23,蒲郡市,23214
1088,愛知県,23,犬山市,23215
1089,愛知県,23,常滑市,23216
1090,愛知県,23,江南市,23217
1091,愛知県,23,小牧市,23219
1092,愛知県,23,稲沢市,23220
1093,愛知県,23,新城市,23221
1094,愛知県,23,東海市,23222
1095,愛知県,23,大府市,23223
1096,愛知県,23,知多市,23224
1097,愛知県,23,知立市,23225
1098,愛知県,23,尾張旭市,23226
1099,愛知県,23,高浜市,23227
1100,愛知県,23,岩倉市,23228
1101,愛知県,23,豊明市,23229
1102,愛知県,23,日進市,23230
1103,愛知県,23,田原市,23231
1104,愛知県,23,愛西市,23232
1105,愛知県,23,清須市,23233
1106,愛知県,23,北名古屋市,23234
1107,愛知県,23,弥富市,23235
1108,愛知県,23,みよし市,23236
1109,愛知県,23,あま市,23237
1110,愛知県,23,長久手市,23238
1111,愛知県,23,愛知郡東郷町,23302
1112,愛知県,23,西春日井郡豊山町,23342
1113,愛知県,23,丹羽郡大口町,23361
1114,愛知県,23,丹羽郡扶桑町,23362
1115,愛知県,23,海部郡大治町,23424
1116,愛知県,23,海部郡蟹江町,23425
1117,愛知県,23,海部郡飛島村,23427
1118,愛知県,23,知多郡阿久比町,23441
1119,愛知県,23,知多郡東浦町,23442
1120,愛知県,23,知多郡南知多町,23445
1121,愛知県,23,知多郡美浜町,23446
1122,愛知県,23,知多郡武豊町,23447
1123,愛知県,23,額田郡幸田町,23501
1124,愛知県,23,北設楽郡設楽町,23561
1125,愛知県,23,北設楽郡東栄町,23562
1126,愛知県,23,北設楽郡豊根村,23563
1127,三重県,24,津市,24201
1128,三重県,24,四日市市,24202
1129,三重県,24,伊勢市,24203
1130,三重県,24,松阪市,24204
1131,三重県,24,桑名市,24205
1132,三重県,24,鈴鹿市,24207
1133,三重県,24,名張市,24208
1134,三重県,24,尾鷲市,24209
1135,三重県,24,亀山市,24210
1136,三重県,24,鳥羽市,24211
1137,三重県,24,熊野市,24212
1138,三重県,24,いなべ市,24214
1139,三重県,24,志摩市,24215
1140,三重県,24,伊賀市,24216
1141,三重県,24,桑名郡木曽岬町,24303
1142,三重県,24,員弁郡東員町,24324
1143,三重県,24,三重郡菰野町,24341
1144,三重県,24,三重郡朝日町,24343
1145,三重県,24,三重郡川越町,24344
1146,三重県,24,多気郡多気町,24441
1147,三重県,24,多気郡明和町,24442
1148,三重県,24,多気郡大台町,24443
1149,三重県,24,度会郡玉城町,24461
1150,三重県,24,度会郡度会町,24470
1151,三重県,24,度会郡大紀町,24471
1152,三重県,24,度会郡南伊勢町,24472
1153,三重県,24,北牟婁郡紀北町,24543
1154,三重県,24,南牟婁郡御浜町,24561
1155,三重県,24,南牟婁郡紀宝町,24562
1156,滋賀県,25,大津市,25201
1157,滋賀県,25,彦根市,25202
1158,滋賀県,25,長浜市,25203
1159,滋賀県,25,近江八幡市,25204
1160,滋賀県,25,草津市,25206
1161,滋賀県,25,守山市,25207
1162,滋賀県,25,栗東市,25208
1163,滋賀県,25,甲賀市,25209
1164,滋賀県,25,野洲市,25210
1165,滋賀県,25,湖南市,25211
1166,滋賀県,25,高島市,25212
1167,滋賀県,25,東近江市,25213
1168,滋賀県,25,米原市,25214
1169,滋賀県,25,蒲生郡日野町,25383
1170,滋賀県,25,蒲生郡竜王町,25384
1171,滋賀県,25,愛知郡愛荘町,25425
1172,滋賀県,25,犬上郡豊郷町,25441
1173,滋賀県,25,犬上郡甲良町,25442
1174,滋賀県,25,犬上郡多賀町,25443
1175,京都府,26,京都市北区,26101
1176,京都府,26,京都市上京区,26102
1177,京都府,26,京都市左京区,26103
1178,京都府,26,京都市中京区,26104
1179,京都府,26,京都市東山区,26105
1180,京都府,26,京都市下京区,26106
1181,京都府,26,京都市南区,26107
1182,京都府,26,京都市右京区,26108
1183,京都府,26,京都市伏見区,26109
1184,京都府,26,京都市山科区,26110
1185,京都府,26,京都市西京区,26111
1186,京都府,26,福知山市,26201
1187,京都府,26,舞鶴市,26202
1188,京都府,26,綾部市,26203
1189,京都府,26,宇治市,26204
1190,京都府,26,宮津市,26205
1191,京都府,26,亀岡市,26206
1192,京都府,26,城陽市,26207
1193,京都府,26,向日市,26208
1194,京都府,26,長岡京市,26209
1195,京都府,26,八幡市,26210
1196,京都府,26,京田辺市,26211
1197,京都府,26,京丹後市,26212
1198,京都府,26,南丹市,26213
1199,京都府,26,木津川市,26214
1200,京都府,26,乙訓郡大山崎町,26303
1201,京都府,26,久世郡久御山町,26322
1202,京都府,26,綴喜郡井手町,26343
1203,京都府,26,綴喜郡宇治田原町,26344
1204,京都府,26,相楽郡笠置町,26364
1205,京都府,26,相楽郡和束町,26365
1206,京都府,26,相楽郡精華町,26366
1207,京都府,26,相楽郡南山城村,26367
1208,京都府,26,船井郡京丹波町,26407
1209,京都府,26,与謝郡伊根町,26463
1210,京都府,26,与謝郡与謝野町,26465
1211,大阪府,27,大阪市都島区,27102
1212,大阪府,27,大阪市福島区,27103
1213,大阪府,27,大阪市此花区,27104
1214,大阪府,27,大阪市西区,27106
1215,大阪府,27,大阪市港区,27107
1216,大阪府,27,大阪市大正区,27108
1217,大阪府,27,大阪市天王寺区,27109
1218,大阪府,27,大阪市浪速区,27111
1219,大阪府,27,大阪市西淀川区,27113
1220,大阪府,27,大阪市東淀川区,27114
1221,大阪府,27,大阪市東成区,27115
1222,大阪府,27,大阪市生野区,27116
1223,大阪府,27,大阪市旭区,27117
1224,大阪府,27,大阪市城東区,27118
1225,大阪府,27,大阪市阿倍野区,27119
1226,大阪府,27,大阪市住吉区,27120
1227,大阪府,27,大阪市東住吉区,27121
1228,大阪府,27,大阪市西成区,27122
1229,大阪府,27,大阪市淀川区,27123
1230,大阪府,27,大阪市鶴見区,27124
1231,大阪府,27,大阪市住之江区,27125
1232,大阪府,27,大阪市平野区,27126
1233,大阪府,27,大阪市北区,27127
1234,大阪府,27,大阪市中央区,27128
1235,大阪府,27,堺市堺区,27141
1236,大阪府,27,堺市中区,27142
1237,大阪府,27,堺市東区,27143
1238,大阪府,27,堺市西区,27144
1239,大阪府,27,堺市南区,27145
1240,大阪府,27,堺市北区,27146
1241,大阪府,27,堺市美原区,27147
1242,大阪府,27,岸和田市,27202
1243,大阪府,27,豊中市,27203
1244,大阪府,27,池田市,27204
1245,大阪府,27,吹田市,27205
1246,大阪府,27,泉大津市,27206
1247,大阪府,27,高槻市,27207
1248,大阪府,27,貝塚市,27208
1249,大阪府,27,守口市,27209
1250,大阪府,27,枚方市,27210
1251,大阪府,27,茨木市,27211
1252,大阪府,27,八尾市,27212
1253,大阪府,27,泉佐野市,27213
1254,大阪府,27,富田林市,27214
1255,大阪府,27,寝屋川市,27215
1256,大阪府,27,河内長野市,27216
1257,大阪府,27,松原市,27217
1258,大阪府,27,大東市,27218
1259,大阪府,27,和泉市,27219
1260,大阪府,27,箕面市,27220
1261,大阪府,27,柏原市,27221
1262,大阪府,27,羽曳野市,27222
1263,大阪府,27,門真市,27223
1264,大阪府,27,摂津市,27224
1265,大阪府,27,高石市,27225
1266,大阪府,27,藤井寺市,27226
1267,大阪府,27,東大阪市,27227
1268,大阪府,27,泉南市,27228
1269,大阪府,27,四條畷市,27229
1270,大阪府,27,交野市,27230
1271,大阪府,27,大阪狭山市,27231
1272,大阪府,27,阪南市,27232
1273,大阪府,27,三島郡島本町,27301
1274,大阪府,27,豊能郡豊能町,27321
1275,大阪府,27,豊能郡能勢町,27322
1276,大阪府,27,泉北郡忠岡町,27341
1277,大阪府,27,泉南郡熊取町,27361
1278,大阪府,27,泉南郡田尻町,27362
1279,大阪府,27,泉南郡岬町,27366
1280,大阪府,27,南河内郡太子町,27381
1281,大阪府,27,南河内郡河南町,27382
1282,大阪府,27,南河内郡千早赤阪村,27383
1283,兵庫県,28,神戸市東灘区,28101
1284,兵庫県,28,神戸市灘区,28102
1285,兵庫県,28,神戸市兵庫区,28105
1286,兵庫県,28,神戸市長田区,28106
1287,兵庫県,28,神戸市須磨区,28107
1288,兵庫県,28,神戸市垂水区,28108
1289,兵庫県,28,神戸市北区,28109
1290,兵庫県,28,神戸市中央区,28110
1291,兵庫県,28,神戸市西区,28111
1292,兵庫県,28,姫路市,28201
1293,兵庫県,28,尼崎市,28202
1294,兵庫県,28,明石市,28203
1295,兵庫県,28,西宮市,28204
1296,兵庫県,28,洲本市,28205
1297,兵庫県,28,芦屋市,28206
1298,兵庫県,28,伊丹市,28207
1299,兵庫県,28,相生市,28208
1300,兵庫県,28,豊岡市,28209
1301,兵庫県,28,加古川市,28210
1302,兵庫県,28,赤穂市,28212
1303,兵庫県,28,西脇市,28213
1304,兵庫県,28,宝塚市,28214
1305,兵庫県,28,三木市,28215
1306,兵庫県,28,高砂市,28216
1307,兵庫県,28,川西市,28217
1308,兵庫県,28,小野市,28218
1309,兵庫県,28,三田市,28219
1310,兵庫県,28,加西市,28220
1311,兵庫県,28,篠山市,28221
1312,兵庫県,28,養父市,28222
1313,兵庫県,28,丹波市,28223
1314,兵庫県,28,南あわじ市,28224
1315,兵庫県,28,朝来市,28225
1316,兵庫県,28,淡路市,28226
1317,兵庫県,28,宍粟市,28227
1318,兵庫県,28,加東市,28228
1319,兵庫県,28,たつの市,28229
1320,兵庫県,28,川辺郡猪名川町,28301
1321,兵庫県,28,多可郡多可町,28365
1322,兵庫県,28,加古郡稲美町,28381
1323,兵庫県,28,加古郡播磨町,28382
1324,兵庫県,28,神崎郡市川町,28442
1325,兵庫県,28,神崎郡福崎町,28443
1326,兵庫県,28,神崎郡神河町,28446
1327,兵庫県,28,揖保郡太子町,28464
1328,兵庫県,28,赤穂郡上郡町,28481
1329,兵庫県,28,佐用郡佐用町,28501
1330,兵庫県,28,美方郡香美町,28585
1331,兵庫県,28,美方郡新温泉町,28586
1332,奈良県,29,奈良市,29201
1333,奈良県,29,大和高田市,29202
1334,奈良県,29,大和郡山市,29203
1335,奈良県,29,天理市,29204
1336,奈良県,29,橿原市,29205
1337,奈良県,29,桜井市,29206
1338,奈良県,29,五條市,29207
1339,奈良県,29,御所市,29208
1340,奈良県,29,生駒市,29209
1341,奈良県,29,香芝市,29210
1342,奈良県,29,葛城市,29211
1343,奈良県,29,宇陀市,29212
1344,奈良県,29,山辺郡山添村,29322
1345,奈良県,29,生駒郡平群町,29342
1346,奈良県,29,生駒郡三郷町,29343
1347,奈良県,29,生駒郡斑鳩町,29344
1348,奈良県,29,生駒郡安堵町,29345
1349,奈良県,29,磯城郡川西町,29361
1350,奈良県,29,磯城郡三宅町,29362
1351,奈良県,29,磯城郡田原本町,29363
1352,奈良県,29,宇陀郡曽爾村,29385
1353,奈良県,29,宇陀郡御杖村,29386
1354,奈良県,29,高市郡高取町,29401
1355,奈良県,29,高市郡明日香村,29402
1356,奈良県,29,北葛城郡上牧町,29424
1357,奈良県,29,北葛城郡王寺町,29425
1358,奈良県,29,北葛城郡広陵町,29426
1359,奈良県,29,北葛城郡河合町,29427
1360,奈良県,29,吉野郡吉野町,29441
1361,奈良県,29,吉野郡大淀町,29442
1362,奈良県,29,吉野郡下市町,29443
1363,奈良県,29,吉野郡黒滝村,29444
1364,奈良県,29,吉野郡天川村,29446
1365,奈良県,29,吉野郡野迫川村,29447
1366,奈良県,29,吉野郡十津川村,29449
1367,奈良県,29,吉野郡下北山村,29450
1368,奈良県,29,吉野郡上北山村,29451
1369,奈良県,29,吉野郡川上村,29452
1370,奈良県,29,吉野郡東吉野村,29453
1371,和歌山県,30,和歌山市,30201
1372,和歌山県,30,海南市,30202
1373,和歌山県,30,橋本市,30203
1374,和歌山県,30,有田市,30204
1375,和歌山県,30,御坊市,30205
1376,和歌山県,30,田辺市,30206
1377,和歌山県,30,新宮市,30207
1378,和歌山県,30,紀の川市,30208
1379,和歌山県,30,岩出市,30209
1380,和歌山県,30,海草郡紀美野町,30304
1381,和歌山県,30,伊都郡かつらぎ町,30341
1382,和歌山県,30,伊都郡九度山町,30343
1383,和歌山県,30,伊都郡高野町,30344
1384,和歌山県,30,有田郡湯浅町,30361
1385,和歌山県,30,有田郡広川町,30362
1386,和歌山県,30,有田郡有田川町,30366
1387,和歌山県,30,日高郡美浜町,30381
1388,和歌山県,30,日高郡日高町,30382
1389,和歌山県,30,日高郡由良町,30383
1390,和歌山県,30,日高郡印南町,30390
1391,和歌山県,30,日高郡みなべ町,30391
1392,和歌山県,30,日高郡日高川町,30392
1393,和歌山県,30,西牟婁郡白浜町,30401
1394,和歌山県,30,西牟婁郡上富田町,30404
1395,和歌山県,30,西牟婁郡すさみ町,30406
1396,和歌山県,30,東牟婁郡那智勝浦町,30421
1397,和歌山県,30,東牟婁郡太地町,30422
1398,和歌山県,30,東牟婁郡古座川町,30424
1399,和歌山県,30,東牟婁郡北山村,30427
1400,和歌山県,30,東牟婁郡串本町,30428
1401,鳥取県,31,鳥取市,31201
1402,鳥取県,31,米子市,31202
1403,鳥取県,31,倉吉市,31203
1404,鳥取県,31,境港市,31204
1405,鳥取県,31,岩美郡岩美町,31302
1406,鳥取県,31,八頭郡若桜町,31325
1407,鳥取県,31,八頭郡智頭町,31328
1408,鳥取県,31,八頭郡八頭町,31329
1409,鳥取県,31,東伯郡三朝町,31364
1410,鳥取県,31,東伯郡湯梨浜町,31370
1411,鳥取県,31,東伯郡琴浦町,31371
1412,鳥取県,31,東伯郡北栄町,31372
1413,鳥取県,31,西伯郡日吉津村,31384
1414,鳥取県,31,西伯郡大山町,31386
1415,鳥取県,31,西伯郡南部町,31389
1416,鳥取県,31,西伯郡伯耆町,31390
1417,鳥取県,31,日野郡日南町,31401
1418,鳥取県,31,日野郡日野町,31402
1419,鳥取県,31,日野郡江府町,31403
1420,島根県,32,松江市,32201
1421,島根県,32,浜田市,32202
1422,島根県,32,出雲市,32203
1423,島根県,32,益田市,32204
1424,島根県,32,大田市,32205
1425,島根県,32,安来市,32206
1426,島根県,32,江津市,32207
1427,島根県,32,雲南市,32209
1428,島根県,32,仁多郡奥出雲町,32343
1429,島根県,32,飯石郡飯南町,32386
1430,島根県,32,邑智郡川本町,32441
1431,島根県,32,邑智郡美郷町,32448
1432,島根県,32,邑智郡邑南町,32449
1433,島根県,32,鹿足郡津和野町,32501
1434,島根県,32,鹿足郡吉賀町,32505
1435,島根県,32,隠岐郡海士町,32525
1436,島根県,32,隠岐郡西ノ島町,32526
1437,島根県,32,隠岐郡知夫村,32527
1438,島根県,32,隠岐郡隠岐の島町,32528
1439,岡山県,33,岡山市北区,33101
1440,岡山県,33,岡山市中区,33102
1441,岡山県,33,岡山市東区,33103
1442,岡山県,33,岡山市南区,33104
1443,岡山県,33,倉敷市,33202
1444,岡山県,33,津山市,33203
1445,岡山県,33,玉野市,33204
1446,岡山県,33,笠岡市,33205
1447,岡山県,33,井原市,33207
1448,岡山県,33,総社市,33208
1449,岡山県,33,高梁市,33209
1450,岡山県,33,新見市,33210
1451,岡山県,33,備前市,33211
1452,岡山県,33,瀬戸内市,33212
1453,岡山県,33,赤磐市,33213
1454,岡山県,33,真庭市,33214
1455,岡山県,33,美作市,33215
1456,岡山県,33,浅口市,33216
1457,岡山県,33,和気郡和気町,33346
1458,岡山県,33,都窪郡早島町,33423
1459,岡山県,33,浅口郡里庄町,33445
1460,岡山県,33,小田郡矢掛町,33461
1461,岡山県,33,真庭郡新庄村,33586
1462,岡山県,33,苫田郡鏡野町,33606
1463,岡山県,33,勝田郡勝央町,33622
1464,岡山県,33,勝田郡奈義町,33623
1465,岡山県,33,英田郡西粟倉村,33643
1466,岡山県,33,久米郡久米南町,33663
1467,岡山県,33,久米郡美咲町,33666
1468,岡山県,33,加賀郡吉備中央町,33681
1469,広島県,34,広島市中区,34101
1470,広島県,34,広島市東区,34102
1471,広島県,34,広島市南区,34103
1472,広島県,34,広島市西区,34104
1473,広島県,34,広島市安佐南区,34105
1474,広島県,34,広島市安佐北区,34106
1475,広島県,34,広島市安芸区,34107
1476,広島県,34,広島市佐伯区,34108
1477,広島県,34,呉市,34202
1478,広島県,34,竹原市,34203
1479,広島県,34,三原市,34204
1480,広島県,34,尾道市,34205
1481,広島県,34,福山市,34207
1482,広島県,34,府中市,34208
1483,広島県,34,三次市,34209
1484,広島県,34,庄原市,34210
1485,広島県,34,大竹市,34211
1486,広島県,34,東広島市,34212
1487,広島県,34,廿日市市,34213
1488,広島県,34,安芸高田市,34214
1489,広島県,34,江田島市,34215
1490,広島県,34,安芸郡府中町,34302
1491,広島県,34,安芸郡海田町,34304
1492,広島県,34,安芸郡熊野町,34307
1493,広島県,34,安芸郡坂町,34309
1494,広島県,34,山県郡安芸太田町,34368
1495,広島県,34,山県郡北広島町,34369
1496,広島県,34,豊田郡大崎上島町,34431
1497,広島県,34,世羅郡世羅町,34462
1498,広島県,34,神石郡神石高原町,34545
1499,山口県,35,下関市,35201
1500,山口県,35,宇部市,35202
1501,山口県,35,山口市,35203
1502,山口県,35,萩市,35204
1503,山口県,35,防府市,35206
1504,山口県,35,下松市,35207
1505,山口県,35,岩国市,35208
1506,山口県,35,光市,35210
1507,山口県,35,長門市,35211
1508,山口県,35,柳井市,35212
1509,山口県,35,美祢市,35213
1510,山口県,35,周南市,35215
1511,山口県,35,山陽小野田市,35216
1512,山口県,35,大島郡周防大島町,35305
1513,山口県,35,玖珂郡和木町,35321
1514,山口県,35,熊毛郡上関町,35341
1515,山口県,35,熊毛郡田布施町,35343
1516,山口県,35,熊毛郡平生町,35344
1517,山口県,35,阿武郡阿武町,35502
1518,徳島県,36,徳島市,36201
1519,徳島県,36,鳴門市,36202
1520,徳島県,36,小松島市,36203
1521,徳島県,36,阿南市,36204
1522,徳島県,36,吉野川市,36205
1523,徳島県,36,阿波市,36206
1524,徳島県,36,美馬市,36207
1525,徳島県,36,三好市,36208
1526,徳島県,36,勝浦郡勝浦町,36301
1527,徳島県,36,勝浦郡上勝町,36302
1528,徳島県,36,名東郡佐那河内村,36321
1529,徳島県,36,名西郡石井町,36341
1530,徳島県,36,名西郡神山町,36342
1531,徳島県,36,那賀郡那賀町,36368
1532,徳島県,36,海部郡牟岐町,36383
1533,徳島県,36,海部郡美波町,36387
1534,徳島県,36,海部郡海陽町,36388
1535,徳島県,36,板野郡松茂町,36401
1536,徳島県,36,板野郡北島町,36402
1537,徳島県,36,板野郡藍住町,36403
1538,徳島県,36,板野郡板野町,36404
1539,徳島県,36,板野郡上板町,36405
1540,徳島県,36,美馬郡つるぎ町,36468
1541,徳島県,36,三好郡東みよし町,36489
1542,香川県,37,高松市,37201
1543,香川県,37,丸亀市,37202
1544,香川県,37,坂出市,37203
1545,香川県,37,善通寺市,37204
1546,香川県,37,観音寺市,37205
1547,香川県,37,さぬき市,37206
1548,香川県,37,東かがわ市,37207
1549,香川県,37,三豊市,37208
1550,香川県,37,小豆郡土庄町,37322
1551,香川県,37,小豆郡小豆島町,37324
1552,香川県,37,木田郡三木町,37341
1553,香川県,37,香川郡直島町,37364
1554,香川県,37,綾歌郡宇多津町,37386
1555,香川県,37,綾歌郡綾川町,37387
1556,香川県,37,仲多度郡琴平町,37403
1557,香川県,37,仲多度郡多度津町,37404
1558,香川県,37,仲多度郡まんのう町,37406
1559,愛媛県,38,松山市,38201
1560,愛媛県,38,今治市,38202
1561,愛媛県,38,宇和島市,38203
1562,愛媛県,38,八幡浜市,38204
1563,愛媛県,38,新居浜市,38205
1564,愛媛県,38,西条市,38206
1565,愛媛県,38,大洲市,38207
1566,愛媛県,38,伊予市,38210
1567,愛媛県,38,四国中央市,38213
1568,愛媛県,38,西予市,38214
1569,愛媛県,38,東温市,38215
1570,愛媛県,38,越智郡上島町,38356
1571,愛媛県,38,上浮穴郡久万高原町,38386
1572,愛媛県,38,伊予郡松前町,38401
1573,愛媛県,38,伊予郡砥部町,38402
1574,愛媛県,38,喜多郡内子町,38422
1575,愛媛県,38,西宇和郡伊方町,38442
1576,愛媛県,38,北宇和郡松野町,38484
1577,愛媛県,38,北宇和郡鬼北町,38488
1578,愛媛県,38,南宇和郡愛南町,38506
1579,高知県,39,高知市,39201
1580,高知県,39,室戸市,39202
1581,高知県,39,安芸市,39203
1582,高知県,39,南国市,39204
1583,高知県,39,土佐市,39205
1584,高知県,39,須崎市,39206
1585,高知県,39,宿毛市,39208
1586,高知県,39,土佐清水市,39209
1587,高知県,39,四万十市,39210
1588,高知県,39,香南市,39211
1589,高知県,39,香美市,39212
1590,高知県,39,安芸郡東洋町,39301
1591,高知県,39,安芸郡奈半利町,39302
1592,高知県,39,安芸郡田野町,39303
1593,高知県,39,安芸郡安田町,39304
1594,高知県,39,安芸郡北川村,39305
1595,高知県,39,安芸郡馬路村,39306
1596,高知県,39,安芸郡芸西村,39307
1597,高知県,39,長岡郡本山町,39341
1598,高知県,39,長岡郡大豊町,39344
1599,高知県,39,土佐郡土佐町,39363
1600,高知県,39,土佐郡大川村,39364
1601,高知県,39,吾川郡いの町,39386
1602,高知県,39,吾川郡仁淀川町,39387
1603,高知県,39,高岡郡中土佐町,39401
1604,高知県,39,高岡郡佐川町,39402
1605,高知県,39,高岡郡越知町,39403
1606,高知県,39,高岡郡檮原町,39405
1607,高知県,39,高岡郡日高村,39410
1608,高知県,39,高岡郡津野町,39411
1609,高知県,39,高岡郡四万十町,39412
1610,高知県,39,幡多郡大月町,39424
1611,高知県,39,幡多郡三原村,39427
1612,高知県,39,幡多郡黒潮町,39428
1613,福岡県,40,北九州市門司区,40101
1614,福岡県,40,北九州市若松区,40103
1615,福岡県,40,北九州市戸畑区,40105
1616,福岡県,40,北九州市小倉北区,40106
1617,福岡県,40,北九州市小倉南区,40107
1618,福岡県,40,北九州市八幡東区,40108
1619,福岡県,40,北九州市八幡西区,40109
1620,福岡県,40,福岡市東区,40131
1621,福岡県,40,福岡市博多区,40132
1622,福岡県,40,福岡市中央区,40133
1623,福岡県,40,福岡市南区,40134
1624,福岡県,40,福岡市西区,40135
1625,福岡県,40,福岡市城南区,40136
1626,福岡県,40,福岡市早良区,40137
1627,福岡県,40,大牟田市,40202
1628,福岡県,40,久留米市,40203
1629,福岡県,40,直方市,40204
1630,福岡県,40,飯塚市,40205
1631,福岡県,40,田川市,40206
1632,福岡県,40,柳川市,40207
1633,福岡県,40,八女市,40210
1634,福岡県,40,筑後市,40211
1635,福岡県,40,大川市,40212
1636,福岡県,40,行橋市,40213
1637,福岡県,40,豊前市,40214
1638,福岡県,40,中間市,40215
1639,福岡県,40,小郡市,40216
1640,福岡県,40,筑紫野市,40217
1641,福岡県,40,春日市,40218
1642,福岡県,40,大野城市,40219
1643,福岡県,40,宗像市,40220
1644,福岡県,40,太宰府市,40221
1645,福岡県,40,古賀市,40223
1646,福岡県,40,福津市,40224
1647,福岡県,40,うきは市,40225
1648,福岡県,40,宮若市,40226
1649,福岡県,40,嘉麻市,40227
1650,福岡県,40,朝倉市,40228
1651,福岡県,40,みやま市,40229
1652,福岡県,40,糸島市,40230
1653,福岡県,40,筑紫郡那珂川町,40305
1654,福岡県,40,糟屋郡宇美町,40341
1655,福岡県,40,糟屋郡篠栗町,40342
1656,福岡県,40,糟屋郡志免町,40343
1657,福岡県,40,糟屋郡須恵町,40344
1658,福岡県,40,糟屋郡新宮町,40345
1659,福岡県,40,糟屋郡久山町,40348
1660,福岡県,40,糟屋郡粕屋町,40349
1661,福岡県,40,遠賀郡芦屋町,40381
1662,福岡県,40,遠賀郡水巻町,40382
1663,福岡県,40,遠賀郡岡垣町,40383
1664,福岡県,40,遠賀郡遠賀町,40384
1665,福岡県,40,鞍手郡小竹町,40401
1666,福岡県,40,鞍手郡鞍手町,40402
1667,福岡県,40,嘉穂郡桂川町,40421
1668,福岡県,40,朝倉郡筑前町,40447
1669,福岡県,40,朝倉郡東峰村,40448
1670,福岡県,40,三井郡大刀洗町,40503
1671,福岡県,40,三潴郡大木町,40522
1672,福岡県,40,八女郡広川町,40544
1673,福岡県,40,田川郡香春町,40601
1674,福岡県,40,田川郡添田町,40602
1675,福岡県,40,田川郡糸田町,40604
1676,福岡県,40,田川郡川崎町,40605
1677,福岡県,40,田川郡大任町,40608
1678,福岡県,40,田川郡赤村,40609
1679,福岡県,40,田川郡福智町,40610
1680,福岡県,40,京都郡苅田町,40621
1681,福岡県,40,京都郡みやこ町,40625
1682,福岡県,40,築上郡吉富町,40642
1683,福岡県,40,築上郡上毛町,40646
1684,福岡県,40,築上郡築上町,40647
1685,佐賀県,41,佐賀市,41201
1686,佐賀県,41,唐津市,41202
1687,佐賀県,41,鳥栖市,41203
1688,佐賀県,41,多久市,41204
1689,佐賀県,41,伊万里市,41205
1690,佐賀県,41,武雄市,41206
1691,佐賀県,41,鹿島市,41207
1692,佐賀県,41,小城市,41208
1693,佐賀県,41,嬉野市,41209
1694,佐賀県,41,神埼市,41210
1695,佐賀県,41,神埼郡吉野ヶ里町,41327
1696,佐賀県,41,三養基郡基山町,41341
1697,佐賀県,41,三養基郡上峰町,41345
1698,佐賀県,41,三養基郡みやき町,41346
1699,佐賀県,41,東松浦郡玄海町,41387
1700,佐賀県,41,西松浦郡有田町,41401
1701,佐賀県,41,杵島郡大町町,41423
1702,佐賀県,41,杵島郡江北町,41424
1703,佐賀県,41,杵島郡白石町,41425
1704,佐賀県,41,藤津郡太良町,41441
1705,長崎県,42,長崎市,42201
1706,長崎県,42,佐世保市,42202
1707,長崎県,42,島原市,42203
1708,長崎県,42,諫早市,42204
1709,長崎県,42,大村市,42205
1710,長崎県,42,平戸市,42207
1711,長崎県,42,松浦市,42208
1712,長崎県,42,対馬市,42209
1713,長崎県,42,壱岐市,42210
1714,長崎県,42,五島市,42211
1715,長崎県,42,西海市,42212
1716,長崎県,42,雲仙市,42213
1717,長崎県,42,南島原市,42214
1718,長崎県,42,西彼杵郡長与町,42307
1719,長崎県,42,西彼杵郡時津町,42308
1720,長崎県,42,東彼杵郡東彼杵町,42321
1721,長崎県,42,東彼杵郡川棚町,42322
1722,長崎県,42,東彼杵郡波佐見町,42323
1723,長崎県,42,北松浦郡小値賀町,42383
1724,長崎県,42,北松浦郡佐々町,42391
1725,長崎県,42,南松浦郡新上五島町,42411
1726,熊本県,43,熊本市中央区,43101
1727,熊本県,43,熊本市東区,43102
1728,熊本県,43,熊本市西区,43103
1729,熊本県,43,熊本市南区,43104
1730,熊本県,43,熊本市北区,43105
1731,熊本県,43,八代市,43202
1732,熊本県,43,人吉市,43203
1733,熊本県,43,荒尾市,43204
1734,熊本県,43,水俣市,43205
1735,熊本県,43,玉名市,43206
1736,熊本県,43,山鹿市,43208
1737,熊本県,43,菊池市,43210
1738,熊本県,43,宇土市,43211
1739,熊本県,43,上天草市,43212
1740,熊本県,43,宇城市,43213
1741,熊本県,43,阿蘇市,43214
1742,熊本県,43,天草市,43215
1743,熊本県,43,合志市,43216
1744,熊本県,43,下益城郡美里町,43348
1745,熊本県,43,玉名郡玉東町,43364
1746,熊本県,43,玉名郡南関町,43367
1747,熊本県,43,玉名郡長洲町,43368
1748,熊本県,43,玉名郡和水町,43369
1749,熊本県,43,菊池郡大津町,43403
1750,熊本県,43,菊池郡菊陽町,43404
1751,熊本県,43,阿蘇郡南小国町,43423
1752,熊本県,43,阿蘇郡小国町,43424
1753,熊本県,43,阿蘇郡産山村,43425
1754,熊本県,43,阿蘇郡高森町,43428
1755,熊本県,43,阿蘇郡西原村,43432
1756,熊本県,43,阿蘇郡南阿蘇村,43433
1757,熊本県,43,上益城郡御船町,43441
1758,熊本県,43,上益城郡嘉島町,43442
1759,熊本県,43,上益城郡益城町,43443
1760,熊本県,43,上益城郡甲佐町,43444
1761,熊本県,43,上益城郡山都町,43447
1762,熊本県,43,八代郡氷川町,43468
1763,熊本県,43,葦北郡芦北町,43482
1764,熊本県,43,葦北郡津奈木町,43484
1765,熊本県,43,球磨郡錦町,43501
1766,熊本県,43,球磨郡多良木町,43505
1767,熊本県,43,球磨郡湯前町,43506
1768,熊本県,43,球磨郡水上村,43507
1769,熊本県,43,球磨郡相良村,43510
1770,熊本県,43,球磨郡五木村,43511
1771,熊本県,43,球磨郡山江村,43512
1772,熊本県,43,球磨郡球磨村,43513
1773,熊本県,43,球磨郡あさぎり町,43514
1774,熊本県,43,天草郡苓北町,43531
1775,大分県,44,大分市,44201
1776,大分県,44,別府市,44202
1777,大分県,44,中津市,44203
1778,大分県,44,日田市,44204
1779,大分県,44,佐伯市,44205
1780,大分県,44,臼杵市,44206
1781,大分県,44,津久見市,44207
1782,大分県,44,竹田市,44208
1783,大分県,44,豊後高田市,44209
1784,大分県,44,杵築市,44210
1785,大分県,44,宇佐市,44211
1786,大分県,44,豊後大野市,44212
1787,大分県,44,由布市,44213
1788,大分県,44,国東市,44214
1789,大分県,44,東国東郡姫島村,44322
1790,大分県,44,速見郡日出町,44341
1791,大分県,44,玖珠郡九重町,44461
1792,大分県,44,玖珠郡玖珠町,44462
1793,宮崎県,45,宮崎市,45201
1794,宮崎県,45,都城市,45202
1795,宮崎県,45,延岡市,45203
1796,宮崎県,45,日南市,45204
1797,宮崎県,45,小林市,45205
1798,宮崎県,45,日向市,45206
1799,宮崎県,45,串間市,45207
1800,宮崎県,45,西都市,45208
1801,宮崎県,45,えびの市,45209
1802,宮崎県,45,北諸県郡三股町,45341
1803,宮崎県,45,西諸県郡高原町,45361
1804,宮崎県,45,東諸県郡国富町,45382
1805,宮崎県,45,東諸県郡綾町,45383
1806,宮崎県,45,児湯郡高鍋町,45401
1807,宮崎県,45,児湯郡新富町,45402
1808,宮崎県,45,児湯郡西米良村,45403
1809,宮崎県,45,児湯郡木城町,45404
1810,宮崎県,45,児湯郡川南町,45405
1811,宮崎県,45,児湯郡都農町,45406
1812,宮崎県,45,東臼杵郡門川町,45421
1813,宮崎県,45,東臼杵郡諸塚村,45429
1814,宮崎県,45,東臼杵郡椎葉村,45430
1815,宮崎県,45,東臼杵郡美郷町,45431
1816,宮崎県,45,西臼杵郡高千穂町,45441
1817,宮崎県,45,西臼杵郡日之影町,45442
1818,宮崎県,45,西臼杵郡五ヶ瀬町,45443
1819,鹿児島県,46,鹿児島市,46201
1820,鹿児島県,46,鹿屋市,46203
1821,鹿児島県,46,枕崎市,46204
1822,鹿児島県,46,阿久根市,46206
1823,鹿児島県,46,出水市,46208
1824,鹿児島県,46,指宿市,46210
1825,鹿児島県,46,西之表市,46213
1826,鹿児島県,46,垂水市,46214
1827,鹿児島県,46,薩摩川内市,46215
1828,鹿児島県,46,日置市,46216
1829,鹿児島県,46,曽於市,46217
1830,鹿児島県,46,霧島市,46218
1831,鹿児島県,46,いちき串木野市,46219
1832,鹿児島県,46,南さつま市,46220
1833,鹿児島県,46,志布志市,46221
1834,鹿児島県,46,奄美市,46222
1835,鹿児島県,46,南九州市,46223
1836,鹿児島県,46,伊佐市,46224
1837,鹿児島県,46,姶良市,46225
1838,鹿児島県,46,鹿児島郡三島村,46303
1839,鹿児島県,46,鹿児島郡十島村,46304
1840,鹿児島県,46,薩摩郡さつま町,46392
1841,鹿児島県,46,出水郡長島町,46404
1842,鹿児島県,46,姶良郡湧水町,46452
1843,鹿児島県,46,曽於郡大崎町,46468
1844,鹿児島県,46,肝属郡東串良町,46482
1845,鹿児島県,46,肝属郡錦江町,46490
1846,鹿児島県,46,肝属郡南大隅町,46491
1847,鹿児島県,46,肝属郡肝付町,46492
1848,鹿児島県,46,熊毛郡中種子町,46501
1849,鹿児島県,46,熊毛郡南種子町,46502
1850,鹿児島県,46,熊毛郡屋久島町,46505
1851,鹿児島県,46,大島郡大和村,46523
1852,鹿児島県,46,大島郡宇検村,46524
1853,鹿児島県,46,大島郡瀬戸内町,46525
1854,鹿児島県,46,大島郡龍郷町,46527
1855,鹿児島県,46,大島郡喜界町,46529
1856,鹿児島県,46,大島郡徳之島町,46530
1857,鹿児島県,46,大島郡天城町,46531
1858,鹿児島県,46,大島郡伊仙町,46532
1859,鹿児島県,46,大島郡和泊町,46533
1860,鹿児島県,46,大島郡知名町,46534
1861,鹿児島県,46,大島郡与論町,46535
1862,沖縄県,47,那覇市,47201
1863,沖縄県,47,宜野湾市,47205
1864,沖縄県,47,石垣市,47207
1865,沖縄県,47,浦添市,47208
1866,沖縄県,47,名護市,47209
1867,沖縄県,47,糸満市,47210
1868,沖縄県,47,沖縄市,47211
1869,沖縄県,47,豊見城市,47212
1870,沖縄県,47,うるま市,47213
1871,沖縄県,47,宮古島市,47214
1872,沖縄県,47,南城市,47215
1873,沖縄県,47,国頭郡国頭村,47301
1874,沖縄県,47,国頭郡大宜味村,47302
1875,沖縄県,47,国頭郡東村,47303
1876,沖縄県,47,国頭郡今帰仁村,47306
1877,沖縄県,47,国頭郡本部町,47308
1878,沖縄県,47,国頭郡恩納村,47311
1879,沖縄県,47,国頭郡宜野座村,47313
1880,沖縄県,47,国頭郡金武町,47314
1881,沖縄県,47,国頭郡伊江村,47315
1882,沖縄県,47,中頭郡読谷村,47324
1883,沖縄県,47,中頭郡嘉手納町,47325
1884,沖縄県,47,中頭郡北谷町,47326
1885,沖縄県,47,中頭郡北中城村,47327
1886,沖縄県,47,中頭郡中城村,47328
1887,沖縄県,47,中頭郡西原町,47329
1888,沖縄県,47,島尻郡与那原町,47348
1889,沖縄県,47,島尻郡南風原町,47350
1890,沖縄県,47,島尻郡渡嘉敷村,47353
1891,沖縄県,47,島尻郡座間味村,47354
1892,沖縄県,47,島尻郡粟国村,47355
1893,沖縄県,47,島尻郡渡名喜村,47356
1894,沖縄県,47,島尻郡南大東村,47357
1895,沖縄県,47,島尻郡北大東村,47358
1896,沖縄県,47,島尻郡伊平屋村,47359
1897,沖縄県,47,島尻郡伊是名村,47360
1898,沖縄県,47,島尻郡久米島町,47361
1899,沖縄県,47,島尻郡八重瀬町,47362
1900,沖縄県,47,宮古郡多良間村,47375
1901,沖縄県,47,八重山郡竹富町,47381
1902,沖縄県,47,八重山郡与那国町,47382
